{
    
    "allHotels":[
        {
          "id":1,
          "Name": "Hotel The IVY Grand",
          "roomimage": "https://cf.bstatic.com/xdata/images/hotel/max1024x768/230951670.jpg?k=0334742237398dc753b13d39d9b27473b3e8adc3d716472aa3551e05bbb94fa3&o=&hp=1",
          "Loaction": "New Delhi",
          "distance": "1.7 km from center",
          "reviewsfeeds": "Good",
          "reviewsratings": 8.5,
          "price":4500,
          "totalreviews": "246 reviews",
          "propertytype": "Travel Sustainable property",
          "descriptions": "Well located in the Paharganj district of New Delhi, Hotel The IVY Grand With Free Secured Parking is located 1.3 miles from Gurudwara Bangla Sahib, 1.3 miles from Jantar Mantar and 1.5 miles from..."
        },
        {
            "id":2,
            "Name": "Hotel Paradise Inn",
            "roomimage": "https://images.unsplash.com/photo-1625244724120-1fd1d34d00f6?ixlib=rb-1.2.1&ixid=MnwxMjA3fDB8MHxzZWFyY2h8MXx8aG90ZWxzfGVufDB8fDB8fA%3D%3D&auto=format&fit=crop&w=500&q=60",
            "Loaction": "New Delhi",
            "distance": "7.7 km from center",
            "reviewsfeeds": "Very Good",
            "reviewsratings": 6.5,
            "price":4000,
            "totalreviews": "746 reviews",
            "propertytype": "Travel Sustainable property",
            "descriptions": "Well located in the Paharganj district of New Delhi, Hotel The IVY Grand With Free Secured Parking is located 1.3 miles from Gurudwara Bangla Sahib, 1.3 miles from Jantar Mantar and 1.5 miles from..."
          },
          {
            "id":3,
            "Name":"Hotel D'Capitol",
            "roomimage": "https://images.unsplash.com/photo-1551882547-ff40c63fe5fa?ixlib=rb-1.2.1&ixid=MnwxMjA3fDB8MHxzZWFyY2h8Mnx8aG90ZWxzfGVufDB8fDB8fA%3D%3D&auto=format&fit=crop&w=500&q=60",
            "Loaction": "New Delhi",
            "distance": "1.7 km from center",
            "reviewsfeeds": "Exceptional",
            "reviewsratings": 6.5,
            "price":5000,
            "totalreviews": "846 reviews",
            "propertytype": "Travel Sustainable property",
            "descriptions": "Well located in the Paharganj district of New Delhi, Hotel The IVY Grand With Free Secured Parking is located 1.3 miles from Gurudwara Bangla Sahib, 1.3 miles from Jantar Mantar and 1.5 miles from..."
          },
          {
            "id":4,
            "Name": "Hotel Bricks",
            "roomimage": "https://images.unsplash.com/photo-1527853787696-f7be74f2e39a?ixlib=rb-1.2.1&ixid=MnwxMjA3fDB8MHxzZWFyY2h8OTl8fGhvdGVsc3xlbnwwfHwwfHw%3D&auto=format&fit=crop&w=500&q=60",
            "Loaction": "New Delhi",
            "distance": "7.7 km from center",
            "reviewsfeeds": "Good",
            "reviewsratings": 8.5,
            "price":5500,
            "totalreviews": "246 reviews",
            "propertytype": "Travel Sustainable property",
            "descriptions": "Well located in the Paharganj district of New Delhi, Hotel The IVY Grand With Free Secured Parking is located 1.3 miles from Gurudwara Bangla Sahib, 1.3 miles from Jantar Mantar and 1.5 miles from..."
          },
          {
            "id":5,
            "Name": "Hotel Baba Deluxe",
            "roomimage": "https://cf.bstatic.com/xdata/images/hotel/max1024x768/230951670.jpg?k=0334742237398dc753b13d39d9b27473b3e8adc3d716472aa3551e05bbb94fa3&o=&hp=1",
            "Loaction": "New Delhi",
            "distance": "7.7 km from center",
            "reviewsfeeds": "Exceptional",
            "reviewsratings": 7.5,
            "price":4300,
            "totalreviews": "194 reviews",
            "propertytype": "Travel Sustainable property",
            "descriptions": "Well located in the Paharganj district of New Delhi, Hotel The IVY Grand With Free Secured Parking is located 1.3 miles from Gurudwara Bangla Sahib, 1.3 miles from Jantar Mantar and 1.5 miles from..."
          },
          {
            "id":6,
            "Name": "Hotel Sopan Heights",
            "roomimage": "https://images.unsplash.com/photo-1495365200479-c4ed1d35e1aa?ixlib=rb-1.2.1&ixid=MnwxMjA3fDB8MHxzZWFyY2h8MTR8fGhvdGVsc3xlbnwwfHwwfHw%3D&auto=format&fit=crop&w=500&q=60",
            "Loaction": "New Delhi",
            "distance": "8.7 km from center",
            "reviewsfeeds": "Very Good",
            "reviewsratings": 9.5,
            "price":4500,
            "totalreviews": "496 reviews",
            "propertytype": "Travel Sustainable property",
            "descriptions": "Well located in the Paharganj district of New Delhi, Hotel The IVY Grand With Free Secured Parking is located 1.3 miles from Gurudwara Bangla Sahib, 1.3 miles from Jantar Mantar and 1.5 miles from..."
          },
          {
            "id":7,
            "Name": "FabHotel Perfect",
            "roomimage": "https://images.unsplash.com/photo-1564501049412-61c2a3083791?ixlib=rb-1.2.1&ixid=MnwxMjA3fDB8MHxzZWFyY2h8MTZ8fGhvdGVsc3xlbnwwfHwwfHw%3D&auto=format&fit=crop&w=500&q=60",
            "Loaction": "Mumbai",
            "distance": "7.7 km from center",
            "reviewsfeeds": "Good",
            "reviewsratings": 7.5,
            "price":4600,
            "totalreviews": "465 reviews",
            "propertytype": "Travel Sustainable property",
            "descriptions": "Well located in the Paharganj district of Mumbai, Hotel The IVY Grand With Free Secured Parking is located 1.3 miles from Gurudwara Bangla Sahib, 1.3 miles from Jantar Mantar and 1.5 miles from..."
          },
          {
            "id":8,
            "Name": "Hotel Siddharth",
            "roomimage": "https://images.unsplash.com/photo-1590447158019-883d8d5f8bc7?ixlib=rb-1.2.1&ixid=MnwxMjA3fDB8MHxzZWFyY2h8MTN8fGhvdGVsc3xlbnwwfHwwfHw%3D&auto=format&fit=crop&w=500&q=60",
            "Loaction": "Mumbai",
            "distance": "8.7 km from center",
            "reviewsfeeds": "Excellent",
            "reviewsratings": 9.5,
            "price":4700,
            "totalreviews": "486 reviews",
            "propertytype": "Travel Sustainable property",
            "descriptions": "Well located in the Paharganj district of Mumbai, Hotel The IVY Grand With Free Secured Parking is located 1.3 miles from Gurudwara Bangla Sahib, 1.3 miles from Jantar Mantar and 1.5 miles from..."
          },{
            "id":9,
            "Name": "Hotel Aira Xing",
            "roomimage": "https://images.unsplash.com/photo-1496417263034-38ec4f0b665a?ixlib=rb-1.2.1&ixid=MnwxMjA3fDB8MHxzZWFyY2h8MjB8fGhvdGVsc3xlbnwwfHwwfHw%3D&auto=format&fit=crop&w=500&q=60",
            "Loaction": "Mumbai",
            "distance": "7.7 km from center",
            "reviewsfeeds": "Exceptional",
            "reviewsratings": 6.5,
            "price":4800,
            "totalreviews": "246 reviews",
            "propertytype": "Travel Sustainable property",
            "descriptions": "Well located in the Paharganj district of Mumbai, Hotel The IVY Grand With Free Secured Parking is located 1.3 miles from Gurudwara Bangla Sahib, 1.3 miles from Jantar Mantar and 1.5 miles from..."
          },
          {
            "id":10,
            "Name": "Novotel",
            "roomimage": "https://images.unsplash.com/photo-1573047330191-fb342b1be381?ixlib=rb-1.2.1&ixid=MnwxMjA3fDB8MHxzZWFyY2h8MjR8fGhvdGVsc3xlbnwwfHwwfHw%3D&auto=format&fit=crop&w=500&q=60",
            "Loaction": "Mumbai",
            "distance": "8.7 km from center",
            "reviewsfeeds": "Excellent",
            "reviewsratings": 9.5,
            "price":4900,
            "totalreviews": "346 reviews",
            "propertytype": "Travel Sustainable property",
            "descriptions": "Well located in the Paharganj district of Mumbai, Hotel The IVY Grand With Free Secured Parking is located 1.3 miles from Gurudwara Bangla Sahib, 1.3 miles from Jantar Mantar and 1.5 miles from..."
          },
          {
            "id":11,
            "Name": "Hotel Venus Plaza",
            "roomimage": "https://images.unsplash.com/photo-1598598795009-f80c5072e665?ixlib=rb-1.2.1&ixid=MnwxMjA3fDB8MHxzZWFyY2h8MjZ8fGhvdGVsc3xlbnwwfHwwfHw%3D&auto=format&fit=crop&w=500&q=60",
            "Loaction": "Mumbai",
            "distance": "6.7 km from center",
            "reviewsfeeds": "Exceptional",
            "reviewsratings": 6.5,
            "price":5100,
            "totalreviews": "146 reviews",
            "propertytype": "Travel Sustainable property",
            "descriptions": "Well located in the Paharganj district of New Delhi, Hotel The IVY Grand With Free Secured Parking is located 1.3 miles from Gurudwara Bangla Sahib, 1.3 miles from Jantar Mantar and 1.5 miles from..."
          },
          {
            "id":12,
            "Name": "Green Plaza",
            "roomimage": "https://images.unsplash.com/photo-1620332372374-f108c53d2e03?ixlib=rb-1.2.1&ixid=MnwxMjA3fDB8MHxzZWFyY2h8Mjl8fGhvdGVsc3xlbnwwfHwwfHw%3D&auto=format&fit=crop&w=500&q=60",
            "Loaction": "Mumbai",
            "distance": "8.7 km from center",
            "reviewsfeeds": "Good",
            "reviewsratings": 9.5,
            "price":5200,
            "totalreviews": "546 reviews",
            "propertytype": "Travel Sustainable property",
            "descriptions": "Well located in the Paharganj district of New Delhi, Hotel The IVY Grand With Free Secured Parking is located 1.3 miles from Gurudwara Bangla Sahib, 1.3 miles from Jantar Mantar and 1.5 miles from..."
          },
          {
            "id":13,
            "Name": "Radisson Blu Plaza",
            "roomimage": "https://cf.bstatic.com/xdata/images/hotel/max1024x768/230951670.jpg?k=0334742237398dc753b13d39d9b27473b3e8adc3d716472aa3551e05bbb94fa3&o=&hp=1",
            "Loaction": "Bangalore",
            "distance": "6.7 km from center",
            "reviewsfeeds": "Excellent",
            "reviewsratings": 7.5,
            "price":5300,
            "totalreviews": "336 reviews",
            "propertytype": "Travel Sustainable property",
            "descriptions": "Well located in the Paharganj district of New Delhi, Hotel The IVY Grand With Free Secured Parking is located 1.3 miles from Gurudwara Bangla Sahib, 1.3 miles from Jantar Mantar and 1.5 miles from..."
          },
          {
            "id":14,
            "Name": "Maidens Hotel",
            "roomimage": "https://images.unsplash.com/photo-1605346475807-2088e0897b2d?ixlib=rb-1.2.1&ixid=MnwxMjA3fDB8MHxzZWFyY2h8MzV8fGhvdGVsc3xlbnwwfHwwfHw%3D&auto=format&fit=crop&w=500&q=60",
            "Loaction": "Bangalore",
            "distance": "8.7 km from center",
            "reviewsfeeds": "Exceptional",
            "reviewsratings": 6.5,
            "price":5400,
            "totalreviews": "666 reviews",
            "propertytype": "Travel Sustainable property",
            "descriptions": "Well located in the Paharganj district of New Delhi, Hotel The IVY Grand With Free Secured Parking is located 1.3 miles from Gurudwara Bangla Sahib, 1.3 miles from Jantar Mantar and 1.5 miles from..."
          },
          {
            "id":15,
            "Name": "Aloft",
            "roomimage": "https://images.unsplash.com/photo-1542314831-068cd1dbfeeb?ixlib=rb-1.2.1&ixid=MnwxMjA3fDB8MHxzZWFyY2h8Mzd8fGhvdGVsc3xlbnwwfHwwfHw%3D&auto=format&fit=crop&w=500&q=60",
            "Loaction": "Bangalore",
            "distance": "6.7 km from center",
            "reviewsfeeds": "Good",
            "reviewsratings": 9.5,
            "price":5500,
            "totalreviews": "556 reviews",
            "propertytype": "Travel Sustainable property",
            "descriptions": "Well located in the Paharganj district of New Delhi, Hotel The IVY Grand With Free Secured Parking is located 1.3 miles from Gurudwara Bangla Sahib, 1.3 miles from Jantar Mantar and 1.5 miles from..."
          },
          {
            "id":16,
            "Name": "The Grand Uddhav",
            "roomimage": "https://images.unsplash.com/photo-1614568112072-770f89361490?ixlib=rb-1.2.1&ixid=MnwxMjA3fDB8MHxzZWFyY2h8Mzl8fGhvdGVsc3xlbnwwfHwwfHw%3D&auto=format&fit=crop&w=500&q=60",
            "Loaction": "Bangalore",
            "distance": "8.7 km from center",
            "reviewsfeeds": "Excellent",
            "reviewsratings": 8.5,
            "price":7500,
            "totalreviews": "446 reviews",
            "propertytype": "Travel Sustainable property",
            "descriptions": "Well located in the Paharganj district of New Delhi, Hotel The IVY Grand With Free Secured Parking is located 1.3 miles from Gurudwara Bangla Sahib, 1.3 miles from Jantar Mantar and 1.5 miles from..."
          },
          {
            "id":17,
            "Name": "Hyatt Regency",
            "roomimage": "https://images.unsplash.com/photo-1582719508461-905c673771fd?ixlib=rb-1.2.1&ixid=MnwxMjA3fDB8MHxzZWFyY2h8NDJ8fGhvdGVsc3xlbnwwfHwwfHw%3D&auto=format&fit=crop&w=500&q=60",
            "Loaction": "Bangalore",
            "distance": "6.7 km from center",
            "reviewsfeeds": "Wonderful",
            "reviewsratings": 6.5,
            "price":6500,
            "totalreviews": "286 reviews",
            "propertytype": "Travel Sustainable property",
            "descriptions": "Well located in the Paharganj district of New Delhi, Hotel The IVY Grand With Free Secured Parking is located 1.3 miles from Gurudwara Bangla Sahib, 1.3 miles from Jantar Mantar and 1.5 miles from..."
          },
          {
            "id":18,
            "Name": "Crowne Plaza",
            "roomimage": "https://images.unsplash.com/photo-1596178065887-1198b6148b2b?ixlib=rb-1.2.1&ixid=MnwxMjA3fDB8MHxzZWFyY2h8NDd8fGhvdGVsc3xlbnwwfHwwfHw%3D&auto=format&fit=crop&w=500&q=60",
            "Loaction": "Bangalore",
            "distance": "8.7 km from center",
            "reviewsfeeds": "Excellent",
            "reviewsratings": 9.5,
            "price":8500,
            "totalreviews": "256 reviews",
            "propertytype": "Travel Sustainable property",
            "descriptions": "Well located in the Paharganj district of New Delhi, Hotel The IVY Grand With Free Secured Parking is located 1.3 miles from Gurudwara Bangla Sahib, 1.3 miles from Jantar Mantar and 1.5 miles from..."
          },
          {
            "id":19,
            "Name": "Le Meridien",
            "roomimage": "https://images.unsplash.com/photo-1553509990-7686c6f0fae1?ixlib=rb-1.2.1&ixid=MnwxMjA3fDB8MHxzZWFyY2h8NjF8fGhvdGVsc3xlbnwwfHwwfHw%3D&auto=format&fit=crop&w=500&q=60",
            "Loaction": "Bangalore",
            "distance": "6.7 km from center",
            "reviewsfeeds": "Good",
            "reviewsratings": 6.5,
            "price":9500,
            "totalreviews": "246 reviews",
            "propertytype": "Travel Sustainable property",
            "descriptions": "Well located in the Paharganj district of New Delhi, Hotel The IVY Grand With Free Secured Parking is located 1.3 miles from Gurudwara Bangla Sahib, 1.3 miles from Jantar Mantar and 1.5 miles from..."
          },
          {
            "id":20,
            "Name": "JW Marriott Hotel",
            "roomimage": "https://images.unsplash.com/photo-1570213489059-0aac6626cade?ixlib=rb-1.2.1&ixid=MnwxMjA3fDB8MHxzZWFyY2h8NjV8fGhvdGVsc3xlbnwwfHwwfHw%3D&auto=format&fit=crop&w=500&q=60",
            "Loaction": "Chennai",
            "distance": "1.7 km from center",
            "reviewsfeeds": "Excellent",
            "reviewsratings": 9.5,
            "price":9300,
            "totalreviews": "646 reviews",
            "propertytype": "Travel Sustainable property",
            "descriptions": "Well located in the Paharganj district of New Delhi, Hotel The IVY Grand With Free Secured Parking is located 1.3 miles from Gurudwara Bangla Sahib, 1.3 miles from Jantar Mantar and 1.5 miles from..."
          },{
            "id":21,
            "Name": "The Roseate",
            "roomimage": "https://images.unsplash.com/photo-1583037189850-1921ae7c6c22?ixlib=rb-1.2.1&ixid=MnwxMjA3fDB8MHxzZWFyY2h8NzF8fGhvdGVsc3xlbnwwfHwwfHw%3D&auto=format&fit=crop&w=500&q=60",
            "Loaction": "Chennai",
            "distance": "6.7 km from center",
            "reviewsfeeds": "Good",
            "reviewsratings": 6.5,
            "price":4500,
            "totalreviews": "446 reviews",
            "propertytype": "Travel Sustainable property",
            "descriptions": "Well located in the Paharganj district of New Delhi, Hotel The IVY Grand With Free Secured Parking is located 1.3 miles from Gurudwara Bangla Sahib, 1.3 miles from Jantar Mantar and 1.5 miles from..."
          },
          {
            "id":22,
            "Name": "Park Inn by Radisson",
            "roomimage": "https://images.unsplash.com/photo-1506059612708-99d6c258160e?ixlib=rb-1.2.1&ixid=MnwxMjA3fDB8MHxzZWFyY2h8NjZ8fGhvdGVsc3xlbnwwfHwwfHw%3D&auto=format&fit=crop&w=500&q=60",
            "Loaction": "Chennai",
            "distance": "8.7 km from center",
            "reviewsfeeds": "Excellent",
            "reviewsratings": 7.5,
            "price":5900,
            "totalreviews": "546 reviews",
            "propertytype": "Travel Sustainable property",
            "descriptions": "Well located in the Paharganj district of New Delhi, Hotel The IVY Grand With Free Secured Parking is located 1.3 miles from Gurudwara Bangla Sahib, 1.3 miles from Jantar Mantar and 1.5 miles from..."
          },
          {
            "id":23,
            "Name": "Roseate House",
            "roomimage": "https://images.unsplash.com/photo-1541971875076-8f970d573be6?ixlib=rb-1.2.1&ixid=MnwxMjA3fDB8MHxzZWFyY2h8Nzd8fGhvdGVsc3xlbnwwfHwwfHw%3D&auto=format&fit=crop&w=500&q=60",
            "Loaction": "Chennai",
            "distance": "5.7 km from center",
            "reviewsfeeds": "Wonderful",
            "reviewsratings": 9.5,
            "price":6800,
            "totalreviews": "146 reviews",
            "propertytype": "Travel Sustainable property",
            "descriptions": "Well located in the Paharganj district of New Delhi, Hotel The IVY Grand With Free Secured Parking is located 1.3 miles from Gurudwara Bangla Sahib, 1.3 miles from Jantar Mantar and 1.5 miles from..."
          },
          {
            "id":24,
            "Name": "The Leela Palace",
            "roomimage": "https://images.unsplash.com/photo-1568084680786-a84f91d1153c?ixlib=rb-1.2.1&ixid=MnwxMjA3fDB8MHxzZWFyY2h8ODl8fGhvdGVsc3xlbnwwfHwwfHw%3D&auto=format&fit=crop&w=500&q=60",
            "Loaction": "Chennai",
            "distance": "1.7 km from center",
            "reviewsfeeds": "Exceptional",
            "reviewsratings": 6.5,
            "price":3500,
            "totalreviews": "446 reviews",
            "propertytype": "Travel Sustainable property",
            "descriptions": "Well located in the Paharganj district of New Delhi, Hotel The IVY Grand With Free Secured Parking is located 1.3 miles from Gurudwara Bangla Sahib, 1.3 miles from Jantar Mantar and 1.5 miles from..."
          },
          {
            "id":25,
            "Name": "Vivanta",
            "roomimage": "https://images.unsplash.com/photo-1468824357306-a439d58ccb1c?ixlib=rb-1.2.1&ixid=MnwxMjA3fDB8MHxzZWFyY2h8OTh8fGhvdGVsc3xlbnwwfHwwfHw%3D&auto=format&fit=crop&w=500&q=60",
            "Loaction": "Chennai",
            "distance": "5.7 km from center",
            "reviewsfeeds": "Wonderful",
            "reviewsratings": 7.5,
            "price":3600,
            "totalreviews": "646 reviews",
            "propertytype": "Travel Sustainable property",
            "descriptions": "Well located in the Paharganj district of New Delhi, Hotel The IVY Grand With Free Secured Parking is located 1.3 miles from Gurudwara Bangla Sahib, 1.3 miles from Jantar Mantar and 1.5 miles from..."
          },
          {
            "id":26,
            "Name": "Hotel Raj Villa",
            "roomimage": "https://cf.bstatic.com/xdata/images/hotel/max1024x768/230951670.jpg?k=0334742237398dc753b13d39d9b27473b3e8adc3d716472aa3551e05bbb94fa3&o=&hp=1",
            "Loaction": "Chennai",
            "distance": "8.7 km from center",
            "reviewsfeeds": "Good",
            "reviewsratings": 9.5,
            "price":2500,
            "totalreviews": "446 reviews",
            "propertytype": "Travel Sustainable property",
            "descriptions": "Well located in the Paharganj district of New Delhi, Hotel The IVY Grand With Free Secured Parking is located 1.3 miles from Gurudwara Bangla Sahib, 1.3 miles from Jantar Mantar and 1.5 miles from..."
          },
          {
            "id":27,
            "Name": "The Claridges",
            "roomimage": "https://images.unsplash.com/photo-1573663520878-8c38b10264fc?ixlib=rb-1.2.1&ixid=MnwxMjA3fDB8MHxzZWFyY2h8OTR8fGhvdGVsc3xlbnwwfHwwfHw%3D&auto=format&fit=crop&w=500&q=60",
            "Loaction": "Chennai",
            "distance": "5.7 km from center",
            "reviewsfeeds": "Exceptional",
            "reviewsratings": 6.5,
            "price":9500,
            "totalreviews": "246 reviews",
            "propertytype": "Travel Sustainable property",
            "descriptions": "Well located in the Paharganj district of New Delhi, Hotel The IVY Grand With Free Secured Parking is located 1.3 miles from Gurudwara Bangla Sahib, 1.3 miles from Jantar Mantar and 1.5 miles from..."
          },{
            "id":28,
            "Name": "ITC Maurya",
            "roomimage": "https://images.unsplash.com/photo-1527853787696-f7be74f2e39a?ixlib=rb-1.2.1&ixid=MnwxMjA3fDB8MHxzZWFyY2h8OTl8fGhvdGVsc3xlbnwwfHwwfHw%3D&auto=format&fit=crop&w=500&q=60",
            "Loaction": "Chennai",
            "distance": "8.7 km from center",
            "reviewsfeeds": "Wonderful",
            "reviewsratings": 9.5,
            "price":8500,
            "totalreviews": "346 reviews",
            "propertytype": "Travel Sustainable property",
            "descriptions": "Well located in the Paharganj district of New Delhi, Hotel The IVY Grand With Free Secured Parking is located 1.3 miles from Gurudwara Bangla Sahib, 1.3 miles from Jantar Mantar and 1.5 miles from..."
          },
          {
            "id":29,
            "Name": "Hilton Garden",
            "roomimage": "https://images.unsplash.com/photo-1574728435494-4134e681f687?ixlib=rb-1.2.1&ixid=MnwxMjA3fDB8MHxzZWFyY2h8MTM0fHxob3RlbHN8ZW58MHx8MHx8&auto=format&fit=crop&w=500&q=60",
            "Loaction": "Kolkata",
            "distance": "5.7 km from center",
            "reviewsfeeds": "Exceptional",
            "reviewsratings": 8.5,
            "price":7500,
            "totalreviews": "746 reviews",
            "propertytype": "Travel Sustainable property",
            "descriptions": "Well located in the Paharganj district of New Delhi, Hotel The IVY Grand With Free Secured Parking is located 1.3 miles from Gurudwara Bangla Sahib, 1.3 miles from Jantar Mantar and 1.5 miles from..."
          },
          {
            "id":30,
            "Name": "Hyatt Centric",
            "roomimage": "https://images.unsplash.com/photo-1539284811665-fd56f8b1b47c?ixlib=rb-1.2.1&ixid=MnwxMjA3fDB8MHxzZWFyY2h8MTM3fHxob3RlbHN8ZW58MHx8MHx8&auto=format&fit=crop&w=500&q=60",
            "Loaction": "Kolkata",
            "distance": "8.7 km from center",
            "reviewsfeeds": "Very Good",
            "reviewsratings": 9.5,
            "price":7500,
            "totalreviews": "646 reviews",
            "propertytype": "Travel Sustainable property",
            "descriptions": "Well located in the Paharganj district of New Delhi, Hotel The IVY Grand With Free Secured Parking is located 1.3 miles from Gurudwara Bangla Sahib, 1.3 miles from Jantar Mantar and 1.5 miles from..."
          },
          {
            "id":31,
            "Name": "Haveli Dharampura",
            "roomimage": "https://images.unsplash.com/photo-1586243795501-473ba1a71105?ixlib=rb-1.2.1&ixid=MnwxMjA3fDB8MHxzZWFyY2h8MTQxfHxob3RlbHN8ZW58MHx8MHx8&auto=format&fit=crop&w=500&q=60",
            "Loaction": "Kolkata",
            "distance": "5.7 km from center",
            "reviewsfeeds": "Excellent",
            "reviewsratings": 6.5,
            "price":7500,
            "totalreviews": "946 reviews",
            "propertytype": "Travel Sustainable property",
            "descriptions": "Well located in the Paharganj district of New Delhi, Hotel The IVY Grand With Free Secured Parking is located 1.3 miles from Gurudwara Bangla Sahib, 1.3 miles from Jantar Mantar and 1.5 miles from..."
          },
          {
            "id":32,
            "Name": "Hotel Sunstar Heritage",
            "roomimage": "https://cf.bstatic.com/xdata/images/hotel/max1024x768/230951670.jpg?k=0334742237398dc753b13d39d9b27473b3e8adc3d716472aa3551e05bbb94fa3&o=&hp=1",
            "Loaction": "Kolkata",
            "distance": "1.7 km from center",
            "reviewsfeeds": "Wonderful",
            "reviewsratings": 7.5,
            "price":5500,
            "totalreviews": "846 reviews",
            "propertytype": "Travel Sustainable property",
            "descriptions": "Well located in the Paharganj district of New Delhi, Hotel The IVY Grand With Free Secured Parking is located 1.3 miles from Gurudwara Bangla Sahib, 1.3 miles from Jantar Mantar and 1.5 miles from..."
          },
          {
            "id":33,
            "Name": "The Lodhi",
            "roomimage": "https://images.unsplash.com/photo-1490122417551-6ee9691429d0?ixlib=rb-1.2.1&ixid=MnwxMjA3fDB8MHxzZWFyY2h8MTYzfHxob3RlbHN8ZW58MHx8MHx8&auto=format&fit=crop&w=500&q=60",
            "Loaction": "Kolkata",
            "distance": "5.7 km from center",
            "reviewsfeeds": "Excellent",
            "reviewsratings": 9.5,
            "price":4500,
            "totalreviews": "746 reviews",
            "propertytype": "Travel Sustainable property",
            "descriptions": "Well located in the Paharganj district of New Delhi, Hotel The IVY Grand With Free Secured Parking is located 1.3 miles from Gurudwara Bangla Sahib, 1.3 miles from Jantar Mantar and 1.5 miles from..."
          },
          {
            "id":34,
            "Name": "Hotel The IVY Grand",
            "roomimage": "https://images.unsplash.com/photo-1498503182468-3b51cbb6cb24?ixlib=rb-1.2.1&ixid=MnwxMjA3fDB8MHxzZWFyY2h8MTYwfHxob3RlbHN8ZW58MHx8MHx8&auto=format&fit=crop&w=500&q=60",
            "Loaction": "Kolkata",
            "distance": "8.7 km from center",
            "reviewsfeeds": "Wonderful",
            "reviewsratings": 8.5,
            "price":4600,
            "totalreviews": "646 reviews",
            "propertytype": "Travel Sustainable property",
            "descriptions": "Well located in the Paharganj district of New Delhi, Hotel The IVY Grand With Free Secured Parking is located 1.3 miles from Gurudwara Bangla Sahib, 1.3 miles from Jantar Mantar and 1.5 miles from..."
          },
          {
            "id":35,
            "Name": "The Connaught",
            "roomimage": "https://images.unsplash.com/photo-1527853787696-f7be74f2e39a?ixlib=rb-1.2.1&ixid=MnwxMjA3fDB8MHxzZWFyY2h8OTl8fGhvdGVsc3xlbnwwfHwwfHw%3D&auto=format&fit=crop&w=500&q=60",
            "Loaction": "Kolkata",
            "distance": "5.7 km from center",
            "reviewsfeeds": "Exceptional",
            "reviewsratings": 9.5,
            "price":5500,
            "totalreviews": "546 reviews",
            "propertytype": "Travel Sustainable property",
            "descriptions": "Well located in the Paharganj district of New Delhi, Hotel The IVY Grand With Free Secured Parking is located 1.3 miles from Gurudwara Bangla Sahib, 1.3 miles from Jantar Mantar and 1.5 miles from..."
          },
          {
            "id":36,
            "Name": "The Taj Mahal",
            "roomimage": "https://cf.bstatic.com/xdata/images/hotel/max1024x768/230951670.jpg?k=0334742237398dc753b13d39d9b27473b3e8adc3d716472aa3551e05bbb94fa3&o=&hp=1",
            "Loaction": "Kolkata",
            "distance": "1.7 km from center",
            "reviewsfeeds": "Wonderful",
            "reviewsratings": 7.5,
            "price":6600,
            "totalreviews": "746 reviews",
            "propertytype": "Travel Sustainable property",
            "descriptions": "Well located in the Paharganj district of New Delhi, Hotel The IVY Grand With Free Secured Parking is located 1.3 miles from Gurudwara Bangla Sahib, 1.3 miles from Jantar Mantar and 1.5 miles from..."
          }
    ]
    ,
    "flight": [
        {
            "id": 1,
            "up1": 12.05,
            "up2": 1.04,
            "drop1": 1.01,
            "drop2": 2.04,
            "time1": 1.05,
            "time2": 1.25,
            "Direct1": "Direct",
            "Direct2": "Direct",
            "img1": "https://r-xx.bstatic.com/data/airlines_logo/6E.png",
            "img2": "https://r-xx.bstatic.com/data/airlines_logo/AI.png",
            "price": 23359.31
        },
        {
            "id": 2,
            "up1": 2.05,
            "up2": 1.04,
            "drop1": 7.01,
            "drop2": 2.04,
            "time1": 5.05,
            "time2": 1.04,
            "Direct1": "1 Stop",
            "Direct2": "Direct",
            "img1": "https://r-xx.bstatic.com/data/airlines_logo/6E.png",
            "img2": "https://r-xx.bstatic.com/data/airlines_logo/H1.png",
            "price": 31192.86
        },
        {
            "id": 3,
            "up1": 12.05,
            "up2": 1.05,
            "drop1": 1.01,
            "drop2": 2.05,
            "time1": 1.05,
            "time2": 1.01,
            "Direct1": "Direct",
            "Direct2": "Direct",
            "img1": "https://r-xx.bstatic.com/data/airlines_logo/AI.png",
            "img2": "https://r-xx.bstatic.com/data/airlines_logo/H1.png",
            "price": 22192.86
        },
        {
            "id": 4,
            "up1": 12.05,
            "up2": 1.04,
            "drop1": 1.05,
            "drop2": 6.04,
            "time1": 1.05,
            "time2": 5.15,
            "Direct1": "Direct",
            "Direct2": "1 Stop",
            "img1": "https://r-xx.bstatic.com/data/airlines_logo/6E.png",
            "img2": "https://r-xx.bstatic.com/data/airlines_logo/AI.png",
            "price": 27192.86
        },
        {
            "id": 5,
            "up1": 12.05,
            "up2": 1.04,
            "drop1": 1.05,
            "drop2": 2.05,
            "time1": 1.05,
            "time2": 1.54,
            "Direct1": "Direct",
            "Direct2": "Direct",
            "img1": "https://r-xx.bstatic.com/data/airlines_logo/6E.png",
            "img2": "https://r-xx.bstatic.com/data/airlines_logo/H1.png",
            "price": 13359.31
        },
        {
            "id": 6,
            "up1": 6.52,
            "up2": 1.45,
            "drop1": 12.15,
            "drop2": 2.55,
            "time1": 5.25,
            "time2": 1.05,
            "Direct1": "1 Stop",
            "Direct2": "Direct",
            "img1": "https://r-xx.bstatic.com/data/airlines_logo/6E.png",
            "img2": "https://r-xx.bstatic.com/data/airlines_logo/AI.png",
            "price": 23967.5
        },
        {
            "id": 7,
            "up1": 1.45,
            "up2": 6.55,
            "drop1": 2.45,
            "drop2": 12.15,
            "time1": 1.05,
            "time2": 5.25,
            "Direct1": "Direct",
            "Direct2": "1 Stop",
            "img1": "https://r-xx.bstatic.com/data/airlines_logo/6E.png",
            "img2": "https://r-xx.bstatic.com/data/airlines_logo/AI.png",
            "price": 29967.5
        },
        {
            "id": 8,
            "up1": 12.05,
            "up2": 2.05,
            "drop1": 1.15,
            "drop2": 7.05,
            "time1": 1.05,
            "time2": 5.05,
            "Direct1": "Direct",
            "Direct2": "1 Stop",
            "img1": "https://r-xx.bstatic.com/data/airlines_logo/AI.png",
            "img2": "https://r-xx.bstatic.com/data/airlines_logo/H1.png",
            "price": 34820.89
        },
        {
            "id": 9,
            "up1": 12.05,
            "up2": 2.05,
            "drop1": 1.15,
            "drop2": 6.25,
            "time1": 1.05,
            "time2": 3.45,
            "Direct1": "Direct",
            "Direct2": "1 Stop",
            "img1": "https://r-xx.bstatic.com/data/airlines_logo/AI.png",
            "img2": "https://r-xx.bstatic.com/data/airlines_logo/H1.png",
            "price": 19319.64
        },
        {
            "id": 10,
            "up1": 6.55,
            "up2": 1.45,
            "drop1": 12.45,
            "drop2": 2.42,
            "time1": 5.52,
            "time2": 1.05,
            "Direct1": "1 Stop",
            "Direct2": "Direct",
            "img1": "https://r-xx.bstatic.com/data/airlines_logo/6E.png",
            "img2": "https://r-xx.bstatic.com/data/airlines_logo/H1.png",
            "price": 23967.59
        },
        {
            "id": 11,
            "up1": 11.15,
            "up2": 1.41,
            "drop1": 9.22,
            "drop2": 2.42,
            "time1": 10.51,
            "time2": 1.05,
            "Direct1": "1 Stop",
            "Direct2": "Direct",
            "img1": "https://r-xx.bstatic.com/data/airlines_logo/6E.png",
            "img2": "https://r-xx.bstatic.com/data/airlines_logo/H1.png",
            "price": 20364.62
        },
        {
            "id": 12,
            "up1": 7.34,
            "up2": 1.05,
            "drop1": 1.35,
            "drop2": 2.05,
            "time1": 6.05,
            "time2": 1.05,
            "Direct1": "1 Stop",
            "Direct2": "Direct",
            "img1": "https://r-xx.bstatic.com/data/airlines_logo/AI.png",
            "img2": "https://r-xx.bstatic.com/data/airlines_logo/H1.png",
            "price": 35687.91
        },
        {
            "id": 13,
            "up1": 12.05,
            "up2": 2.04,
            "drop1": 1.11,
            "drop2": 7.05,
            "time1": 1.05,
            "time2": 5.05,
            "Direct1": "Direct",
            "Direct2": "1 Stop",
            "img1": "https://r-xx.bstatic.com/data/airlines_logo/AI.png",
            "img2": "https://r-xx.bstatic.com/data/airlines_logo/H1.png",
            "price": 34820.89
        },
        {
            "id": 14,
            "up1": 12.05,
            "up2": 1.41,
            "drop1": 1.11,
            "drop2": 4.41,
            "time1": 1.05,
            "time2": 1.05,
            "Direct1": "Direct",
            "Direct2": "Direct",
            "img1": "https://r-xx.bstatic.com/data/airlines_logo/6E.png",
            "img2": "https://r-xx.bstatic.com/data/airlines_logo/AI.png",
            "price": 25945.66
        },
        {
            "id": 15,
            "up1": 12.05,
            "up2": 1.41,
            "drop1": 1.11,
            "drop2": 4.41,
            "time1": 1.05,
            "time2": 1.05,
            "Direct1": "Direct",
            "Direct2": "Direct",
            "img1": "https://r-xx.bstatic.com/data/airlines_logo/6E.png",
            "img2": "https://r-xx.bstatic.com/data/airlines_logo/H1.png",
            "price": 36912.92
        }
    ] 
}